{"glyphs": {"y": {"x_min": 0, "x_max": 684.78125, "ha": 771, "o": "m 684 738 l 388 -83 q 311 -216 356 -167 q 173 -279 252 -279 q 97 -266 133 -279 l 97 -149 q 132 -155 109 -151 q 168 -160 155 -160 q 240 -114 213 -160 q 274 -26 248 -98 l 0 738 l 137 737 l 341 139 l 548 737 l 684 738 "}, "g": {"x_min": 0, "x_max": 686, "ha": 838, "o": "m 686 34 q 586 -213 686 -121 q 331 -306 487 -306 q 131 -252 216 -306 q 31 -84 31 -190 l 155 -84 q 228 -174 166 -138 q 345 -207 284 -207 q 514 -109 454 -207 q 564 89 564 -27 q 461 6 521 36 q 335 -23 401 -23 q 88 100 184 -23 q 0 370 0 215 q 87 634 0 522 q 330 758 183 758 q 457 728 398 758 q 564 644 515 699 l 564 737 l 686 737 l 686 34 m 582 367 q 529 560 582 481 q 358 652 468 652 q 189 561 250 652 q 135 369 135 482 q 189 176 135 255 q 361 85 251 85 q 529 176 468 85 q 582 367 582 255 "}, "e": {"x_min": 0, "x_max": 714, "ha": 813, "o": "m 714 326 l 140 326 q 200 157 140 227 q 359 87 260 87 q 488 130 431 87 q 561 245 545 174 l 697 245 q 577 48 670 123 q 358 -26 484 -26 q 97 85 195 -26 q 0 363 0 197 q 94 642 0 529 q 358 765 195 765 q 626 627 529 765 q 714 326 714 503 m 576 429 q 507 583 564 522 q 355 650 445 650 q 206 583 266 650 q 140 429 152 522 l 576 429 "}, "w": {"x_min": 0, "x_max": 1009.71875, "ha": 1100, "o": "m 1009 738 l 783 0 l 658 0 l 501 567 l 345 0 l 222 0 l 0 738 l 130 738 l 284 174 l 432 737 l 576 738 l 721 173 l 881 737 l 1009 738 "}, "a": {"x_min": 0, "x_max": 698.609375, "ha": 794, "o": "m 698 0 q 661 -12 679 -7 q 615 -17 643 -17 q 536 12 564 -17 q 500 96 508 41 q 384 6 456 37 q 236 -25 312 -25 q 65 31 130 -25 q 0 194 0 88 q 118 390 0 334 q 328 435 180 420 q 488 483 476 451 q 495 523 495 504 q 442 619 495 584 q 325 654 389 654 q 209 617 257 654 q 152 513 161 580 l 33 513 q 123 705 33 633 q 332 772 207 772 q 528 712 448 772 q 617 531 617 645 l 617 163 q 624 108 617 126 q 664 90 632 90 l 698 94 l 698 0 m 491 262 l 491 372 q 272 329 350 347 q 128 201 128 294 q 166 113 128 144 q 264 83 205 83 q 414 130 346 83 q 491 262 491 183 "}, "2": {"x_min": 59, "x_max": 731, "ha": 792, "o": "m 731 0 l 59 0 q 197 314 59 188 q 457 487 199 315 q 598 691 598 580 q 543 819 598 772 q 411 867 488 867 q 272 811 328 867 q 209 630 209 747 l 81 630 q 182 901 81 805 q 408 986 271 986 q 629 909 536 986 q 731 694 731 826 q 613 449 731 541 q 378 316 495 383 q 201 122 235 234 l 731 122 l 731 0 "}, "u": {"x_min": 0, "x_max": 617, "ha": 729, "o": "m 617 0 l 499 0 l 499 110 q 391 10 460 45 q 246 -25 322 -25 q 61 58 127 -25 q 0 258 0 136 l 0 738 l 125 738 l 125 284 q 156 148 125 202 q 273 82 197 82 q 433 165 369 82 q 493 340 493 243 l 493 738 l 617 738 l 617 0 "}, "k": {"x_min": 0, "x_max": 612.484375, "ha": 697, "o": "m 612 738 l 338 465 l 608 0 l 469 0 l 251 382 l 121 251 l 121 0 l 0 0 l 0 1013 l 121 1013 l 121 402 l 456 738 l 612 738 "}, "s": {"x_min": 0, "x_max": 604, "ha": 697, "o": "m 604 217 q 501 36 604 104 q 292 -23 411 -23 q 86 43 166 -23 q 0 238 0 114 l 121 237 q 175 122 121 164 q 300 85 223 85 q 415 112 363 85 q 479 207 479 147 q 361 309 479 276 q 140 372 141 370 q 21 544 21 426 q 111 708 21 647 q 298 761 190 761 q 492 705 413 761 q 583 531 583 643 l 462 531 q 412 625 462 594 q 298 657 363 657 q 199 636 242 657 q 143 558 143 608 q 262 454 143 486 q 484 394 479 397 q 604 217 604 341 "}, "c": {"x_min": 1, "x_max": 701.390625, "ha": 775, "o": "m 701 264 q 584 53 681 133 q 353 -26 487 -26 q 91 91 188 -26 q 1 370 1 201 q 92 645 1 537 q 353 761 190 761 q 572 688 479 761 q 690 493 666 615 l 556 493 q 487 606 545 562 q 356 650 428 650 q 186 563 246 650 q 134 372 134 487 q 188 179 134 258 q 359 88 250 88 q 492 136 437 88 q 566 264 548 185 l 701 264 "}, ":": {"x_min": 0, "x_max": 142, "ha": 239, "o": "m 142 585 l 0 585 l 0 738 l 142 738 l 142 585 m 142 0 l 0 0 l 0 151 l 142 151 l 142 0 "}, " ": {"x_min": 0, "x_max": 0, "ha": 375}, "0": {"x_min": 73, "x_max": 715, "ha": 792, "o": "m 394 -29 q 153 129 242 -29 q 73 479 73 272 q 152 829 73 687 q 394 989 241 989 q 634 829 545 989 q 715 479 715 684 q 635 129 715 270 q 394 -29 546 -29 m 394 89 q 546 211 489 89 q 598 479 598 322 q 548 748 598 640 q 394 871 491 871 q 241 748 298 871 q 190 479 190 637 q 239 211 190 319 q 394 89 296 89 "}, "i": {"x_min": 14, "x_max": 136, "ha": 275, "o": "m 136 873 l 14 873 l 14 1013 l 136 1013 l 136 873 m 136 0 l 14 0 l 14 737 l 136 737 l 136 0 "}, "m": {"x_min": 0, "x_max": 1019, "ha": 1128, "o": "m 1019 0 l 897 0 l 897 454 q 860 591 897 536 q 739 660 816 660 q 613 586 659 660 q 573 436 573 522 l 573 0 l 447 0 l 447 455 q 412 591 447 535 q 294 657 372 657 q 165 586 213 657 q 122 437 122 521 l 122 0 l 0 0 l 0 738 l 117 738 l 117 640 q 202 730 150 697 q 316 763 254 763 q 437 730 381 763 q 525 642 494 697 q 621 731 559 700 q 753 763 682 763 q 943 694 867 763 q 1019 512 1019 625 l 1019 0 "}, "8": {"x_min": 55, "x_max": 736, "ha": 792, "o": "m 571 527 q 694 424 652 491 q 736 280 736 358 q 648 71 736 158 q 395 -26 551 -26 q 142 69 238 -26 q 55 279 55 157 q 96 425 55 359 q 220 527 138 491 q 120 615 153 562 q 88 726 88 668 q 171 904 88 827 q 395 986 261 986 q 618 905 529 986 q 702 727 702 830 q 670 616 702 667 q 571 527 638 565 m 394 565 q 519 610 475 565 q 563 717 563 655 q 521 823 563 781 q 392 872 474 872 q 265 824 312 872 q 224 720 224 783 q 265 613 224 656 q 394 565 312 565 m 395 91 q 545 150 488 91 q 597 280 597 204 q 546 408 597 355 q 395 465 492 465 q 244 408 299 465 q 194 280 194 356 q 244 150 194 203 q 395 91 299 91 "}, "o": {"x_min": 0, "x_max": 713, "ha": 821, "o": "m 357 -25 q 94 91 194 -25 q 0 368 0 202 q 93 642 0 533 q 357 761 193 761 q 618 644 518 761 q 713 368 713 533 q 619 91 713 201 q 357 -25 521 -25 m 357 85 q 528 175 465 85 q 584 369 584 255 q 529 562 584 484 q 357 651 467 651 q 189 560 250 651 q 135 369 135 481 q 187 177 135 257 q 357 85 250 85 "}, "5": {"x_min": 54.171875, "x_max": 738, "ha": 792, "o": "m 738 314 q 626 60 738 153 q 382 -23 526 -23 q 155 47 248 -23 q 54 256 54 125 l 183 256 q 259 132 204 174 q 382 91 314 91 q 533 149 471 91 q 602 314 602 213 q 538 469 602 411 q 386 528 475 528 q 284 506 332 528 q 197 439 237 484 l 81 439 l 159 958 l 684 958 l 684 840 l 254 840 l 214 579 q 306 627 258 612 q 407 643 354 643 q 636 552 540 643 q 738 314 738 457 "}, "7": {"x_min": 58.71875, "x_max": 730.953125, "ha": 792, "o": "m 730 839 q 469 448 560 641 q 335 0 378 255 l 192 0 q 328 441 235 252 q 593 830 421 630 l 58 830 l 58 958 l 730 958 l 730 839 "}, "d": {"x_min": 0, "x_max": 683, "ha": 796, "o": "m 683 0 l 564 0 l 564 93 q 456 6 516 38 q 327 -25 395 -25 q 87 100 181 -25 q 0 365 0 215 q 90 639 0 525 q 343 763 187 763 q 564 647 486 763 l 564 1013 l 683 1013 l 683 0 m 582 373 q 529 562 582 484 q 361 653 468 653 q 190 561 253 653 q 135 365 135 479 q 189 175 135 254 q 358 85 251 85 q 529 178 468 85 q 582 373 582 258 "}, "b": {"x_min": 0, "x_max": 685, "ha": 783, "o": "m 685 372 q 597 99 685 213 q 347 -25 501 -25 q 219 5 277 -25 q 121 93 161 36 l 121 0 l 0 0 l 0 1013 l 121 1013 l 121 634 q 214 723 157 692 q 341 754 272 754 q 591 637 493 754 q 685 372 685 526 m 554 356 q 499 550 554 470 q 328 644 437 644 q 162 556 223 644 q 108 369 108 478 q 160 176 108 256 q 330 83 221 83 q 498 169 435 83 q 554 356 554 245 "}, "q": {"x_min": 0, "x_max": 683, "ha": 876, "o": "m 683 -278 l 564 -278 l 564 97 q 474 8 533 39 q 345 -23 415 -23 q 91 93 188 -23 q 0 364 0 203 q 87 635 0 522 q 337 760 184 760 q 466 727 408 760 q 564 637 523 695 l 564 737 l 683 737 l 683 -278 m 582 375 q 527 564 582 488 q 358 652 466 652 q 190 565 253 652 q 135 377 135 488 q 189 179 135 261 q 361 84 251 84 q 530 179 469 84 q 582 375 582 260 "}, "z": {"x_min": -0.015625, "x_max": 613.890625, "ha": 697, "o": "m 613 0 l 0 0 l 0 100 l 433 630 l 20 630 l 20 738 l 594 738 l 593 636 l 163 110 l 613 110 l 613 0 "}, "j": {"x_min": -77.78125, "x_max": 167, "ha": 349, "o": "m 167 871 l 42 871 l 42 1013 l 167 1013 l 167 871 m 167 -80 q 121 -231 167 -184 q -26 -278 76 -278 l -77 -278 l -77 -164 l -41 -164 q 26 -143 11 -164 q 42 -65 42 -122 l 42 737 l 167 737 l 167 -80 "}, "1": {"x_min": 215.671875, "x_max": 574,